session_id,label,duration_s,mouse_speed_mean,mouse_speed_std,mouse_disp_mean,mouse_disp_std,mouse_pause_count,mouse_total_dist,mouse_click_count,mouse_scroll_count,iki_mean,iki_std,iki_min,typing_rate,backspace_count,burst_count,total_keys
S00,high,40.67,995.1573,766.5402,7.7398,5.7342,8,1114.52,2,0,0.1418,0.2096,0.0005,4.4502,5,28,181
S00,low,49.7,919.7742,709.1453,6.8815,5.0871,2,440.42,2,0,2.8861,4.9231,0.1524,0.342,6,0,17
S00,medium,34.2,516.7848,616.719,4.3759,4.6152,4,126.9,1,0,0.036,0.0977,0.0003,12.573,3,9,430
S01,high,61.04,1043.3193,1856.1987,7.8815,13.6643,12,748.74,1,0,0.856,0.945,0.0605,1.032,0,8,63
S01,low,76.93,1763.8215,1870.2577,13.3941,13.9793,1,977.77,0,0,0.1662,0.2498,0.0005,3.8998,34,51,300
S01,medium,62.99,745.021,713.6331,5.7599,5.0916,15,852.47,0,0,1.7945,3.2718,0.0243,0.5239,0,8,33
S02,high,89.21,1547.4197,1925.8789,11.5112,14.1814,2,667.65,2,0,0.7531,0.9274,0.0326,1.177,3,16,105
S02,low,83.19,901.4979,695.02,6.7609,4.9785,1,696.37,0,0,0.2327,0.4635,0.0006,3.1615,15,56,263
S02,medium,87.63,2382.6268,3874.0918,14.396,11.4309,2,489.47,1,0,1.5574,3.0498,0.0632,0.3994,0,8,35
S03,high,89.1,763.346,1052.5074,5.8867,7.7275,17,930.1,2,36,0.8807,1.1269,0.0564,0.9764,7,13,87
S03,low,58.92,36.755,8.755,1.0,0.0,0,2.0,0,0,0.1555,0.1764,0.0003,4.1579,7,38,245
S03,medium,41.48,1018.5522,1197.0975,7.6823,8.7902,4,837.37,3,110,0.7048,0.8295,0.0944,0.8197,0,5,34
S04,high,89.83,0.0,0.0,0.0,0.0,0,0,1,0,0.6795,0.9429,0.0326,1.3136,2,16,118
S04,low,89.7,0.0,0.0,0.0,0.0,0,0,1,0,0.1486,0.1697,0.0004,4.3254,23,67,388
S04,medium,33.62,0.0,0.0,0.0,0.0,0,0,0,0,0.8351,2.2908,0.0394,1.1005,0,7,37
S08,high,87.47,0.0,0.0,0.0,0.0,0,0,0,0,0.1589,0.8295,0.0003,5.236,198,48,458
S08,low,89.89,0.0,0.0,0.0,0.0,0,0,0,0,0.1328,0.1575,0.0003,4.5609,21,67,410
S08,medium,84.11,0.0,0.0,0.0,0.0,0,0,0,0,0.6847,0.2913,0.074,1.2721,6,7,107
S09,high,51.07,1182.776,938.6009,8.8597,6.7168,4,682.2,1,0,0.0395,0.1134,0.0003,12.7271,2,10,650
S09,low,89.5,831.9705,1116.0363,6.4132,8.1185,9,487.4,1,0,0.2016,0.314,0.0006,3.4078,19,63,305
S09,medium,86.83,0.0,0.0,0.0,0.0,0,0,0,0,0.3567,0.2032,0.0011,2.1192,27,6,184
S88,high,89.23,0.0,0.0,0.0,0.0,0,0,0,0,0.1055,0.3208,0.0003,6.0965,71,31,544
S88,low,77.22,1007.6608,909.8899,7.5847,6.8755,1,303.39,2,0,0.178,0.2439,0.0003,3.6778,17,56,284
S88,medium,89.39,0.0,0.0,0.0,0.0,0,0,0,0,0.3112,0.369,0.0004,2.5282,35,18,226
S99,high,89.85,3078.5797,3174.6075,21.3726,14.2253,9,28083.66,0,0,1.7202,5.7201,0.1468,0.4229,16,1,38
S99,low,63.39,1050.6969,1366.1541,6.3983,5.0568,1,351.9,1,0,0.1883,0.3746,0.0005,3.7387,31,46,237
S99,medium,35.01,633.5671,596.4925,4.9415,4.3515,13,657.21,3,20,0.693,0.737,0.1082,1.1996,3,1,42
SYN1000,low,80.5017,791.8587,157.1368,9.6277,9.6829,48.3568,45387.4718,1.4336,0.0,0.2089,0.1324,0.0905,3.6967,8.5951,19.6586,386.337
SYN1001,low,99.8182,243.813,151.8932,8.3328,6.245,69.3925,33591.0583,9.5415,1.7966,0.2451,0.0546,0.0318,2.1872,18.7939,19.7422,265.4023
SYN1002,low,93.457,649.2153,241.6927,8.5141,11.4218,52.4724,21300.6921,7.4008,2.0787,0.1354,0.1411,0.0356,3.1865,11.2532,2.4033,153.7451
SYN1003,low,75.4303,832.82,131.2548,7.0724,13.6563,84.3886,35291.5607,10.0717,0.7873,0.079,0.1162,0.0523,3.5436,5.9385,28.1168,342.48
SYN1004,low,69.0994,984.5091,187.4922,12.6939,0.0,80.5476,43218.659,9.505,3.1835,0.3285,0.0964,0.0801,4.0125,12.1698,15.5488,288.9116
SYN1005,low,73.2919,682.1878,152.9168,9.5398,12.4854,84.2161,32171.2567,9.3617,2.2158,0.2486,0.1739,0.0496,2.9803,5.149,16.9824,333.2322
SYN1006,low,84.7879,399.4307,178.71,9.2122,21.4309,64.3644,45605.7055,10.6278,0.0,0.2409,0.1003,0.0553,3.4961,1.5078,17.7935,232.5828
SYN1007,low,80.4696,787.9833,245.3722,5.2718,19.014,24.9537,50215.9993,21.9523,1.0189,0.4171,0.0904,0.066,3.2602,9.7917,10.3132,351.4258
SYN1008,low,86.4771,987.4836,135.1723,7.0338,16.0676,29.2284,45184.4391,17.5357,0.0,0.1797,0.0225,0.0614,3.2997,3.6262,26.7359,186.4461
SYN1009,low,90.2524,686.6121,142.3983,8.6968,13.4654,42.1412,68120.8432,13.3692,0.6174,0.2825,0.0382,0.0336,3.4599,13.1316,24.9698,280.0394
SYN1010,low,91.6175,1074.1982,172.8228,5.7388,7.5524,39.6047,40920.5761,12.7058,3.5534,0.283,0.1579,0.0436,2.2253,15.7803,26.1278,325.7648
SYN1011,low,91.8512,720.6181,174.3576,10.142,14.3662,58.1793,30144.8879,3.4258,2.107,0.3363,0.0868,0.1144,3.213,13.754,13.4284,174.3286
SYN1012,low,89.1103,314.2574,215.0451,9.6824,17.4153,86.3451,22712.6288,6.3109,4.0301,0.1203,0.1087,0.0677,3.4141,4.6969,23.5373,264.6567
SYN1013,low,72.0983,789.7423,135.9022,7.2895,9.5732,62.0469,74405.2199,1.6637,4.3725,0.5282,0.1285,0.0827,3.715,15.724,28.5139,234.7785
SYN1014,low,91.8195,654.1146,193.19,6.0452,22.7197,75.848,13648.0038,11.9323,1.6764,0.3071,0.1032,0.0384,2.7281,5.7082,28.796,201.5707
SYN1015,low,81.1261,436.6677,313.5818,9.2149,5.6956,82.9465,71710.1868,16.1623,0.0,0.2108,0.1252,0.0773,2.4075,2.7982,18.655,222.0044
SYN1016,low,73.5131,343.9031,172.3202,4.2567,20.1621,24.2465,35839.3772,11.6537,5.8825,0.1634,0.1222,0.0755,4.4669,4.4384,21.4047,0.6986
SYN1017,low,89.7065,503.6716,197.9462,9.9864,19.9301,29.0546,71862.4672,1.2396,2.6964,0.2208,0.0509,0.0692,4.3632,11.1944,15.9978,265.5842
SYN1018,low,89.883,426.7726,252.972,8.9219,16.0643,75.7407,30394.0698,8.1991,4.4946,0.1702,0.0896,0.0501,3.481,6.4638,30.496,288.5612
SYN1019,low,83.9589,874.6942,247.7791,10.4405,18.5274,60.5251,51547.3416,9.4487,3.6483,0.2294,0.1639,0.0482,3.1791,13.2826,19.9781,242.5855
SYN1020,low,83.8235,797.9157,233.6884,9.885,11.9388,37.5686,43061.2638,7.6142,4.9502,0.2676,0.0591,0.1018,3.297,3.9639,9.8581,352.6489
SYN1021,low,96.8028,473.2642,157.0273,8.6961,4.7596,24.8134,31941.7809,9.9328,3.6218,0.1943,0.1206,0.0487,2.3745,5.0667,24.4369,279.5973
SYN1022,low,85.1007,393.1923,226.3543,12.5982,11.4562,70.0428,51662.0159,8.9939,3.4482,0.2072,0.099,0.0399,4.0577,9.8889,19.1134,285.8175
SYN1023,low,80.794,408.1631,251.0624,8.55,22.949,39.7925,30243.8942,8.003,0.0,0.1582,0.1012,0.07,3.2977,18.7069,31.5927,432.2546
SYN1024,low,94.9025,722.9798,97.5837,13.4944,17.8972,48.2706,18016.1166,17.7694,2.7709,0.232,0.1171,0.0975,2.4409,15.7025,16.231,188.1268
SYN1025,low,79.0121,564.4051,198.4207,9.5433,15.5581,31.8839,20522.4016,17.3884,3.6646,0.172,0.1003,0.0609,1.6056,7.2996,28.2285,174.5904
SYN1026,low,68.6861,842.8927,235.1763,12.1059,7.1754,77.1513,56817.9428,2.2063,0.6335,0.2293,0.159,0.0614,4.7512,22.3645,39.5534,240.0829
SYN1027,low,77.481,586.1131,216.8846,7.9019,1.6628,57.772,23737.427,14.3484,3.7332,0.2774,0.1751,0.0615,2.9306,19.7717,8.199,123.7294
SYN1028,low,86.7118,401.7818,182.5079,4.8943,9.2318,30.0531,69506.1519,11.1763,1.6005,0.1353,0.0969,0.0791,2.6861,4.0856,27.0405,217.5794
SYN1029,low,93.9566,24.5197,83.9366,12.1006,20.2248,53.7741,50071.7975,12.5563,9.1578,0.2023,0.1307,0.0752,3.0877,6.817,16.2418,237.9959
SYN1030,low,89.3113,329.613,308.0999,10.6449,11.9601,96.9986,43083.1563,6.6936,6.0462,0.1436,0.0197,0.0641,3.0721,5.4619,7.7775,208.2742
SYN1031,low,84.5981,740.7423,144.455,6.5386,9.038,38.4002,42679.3028,6.8452,3.5409,0.2048,0.0562,0.0323,2.1628,15.5571,41.0942,148.1146
SYN1032,low,85.3847,787.8468,73.1416,9.6301,8.6869,74.265,31314.3718,1.9756,0.0,0.1474,0.0712,0.0751,2.9611,13.0055,12.2244,267.9466
SYN1033,low,96.5325,611.8497,129.7711,6.8463,17.0315,45.5777,53699.6896,5.3515,4.0596,0.1477,0.1319,0.0268,3.4597,9.6035,9.8898,207.8531
SYN1034,low,81.6321,561.0807,271.7447,8.7633,13.688,49.7031,35173.5129,8.8372,3.7889,0.1562,0.1289,0.0559,0.7284,12.2269,15.9601,266.9272
SYN1035,low,67.3109,347.9784,59.0446,6.9455,12.0921,101.9109,46576.9832,9.9045,4.6588,0.386,0.1436,0.0535,3.4898,17.2073,17.9192,96.95
SYN1036,low,81.1787,1167.6732,202.7306,8.7447,9.7032,38.7539,53624.7014,6.7196,3.1431,0.2817,0.0261,0.0829,3.4356,12.031,17.8471,310.6225
SYN1037,low,75.0428,694.3251,242.9892,5.2335,16.348,93.8909,47788.0886,20.384,1.4524,0.2467,0.1519,0.0498,3.679,8.3808,12.2124,224.4565
SYN1038,low,95.7634,632.3053,197.6576,10.1773,14.405,65.5971,30933.3576,13.3573,6.764,0.3397,0.1327,0.0589,1.4213,11.6798,10.7451,455.6602
SYN1039,low,74.6394,982.3876,178.9394,6.7194,6.9395,18.6286,53524.3882,11.3666,0.4201,0.1791,0.0505,0.0575,4.7932,10.3343,32.9419,124.6028
SYN1040,low,85.4737,586.4263,173.8346,10.0886,21.2448,88.1641,38235.5583,5.4674,8.1467,0.3535,0.087,0.0299,2.8642,8.5255,19.2728,44.2491
SYN1041,low,68.4129,464.1438,140.1008,8.3193,10.7251,97.5998,4886.4227,16.4575,5.4922,0.2181,0.1099,0.0571,3.2139,6.558,16.5314,257.3797
SYN1042,low,82.0014,917.8888,240.517,4.6128,9.3774,72.2344,24890.2107,14.565,2.5193,0.1903,0.0296,0.0444,2.8573,3.3365,39.5227,334.8543
SYN1043,low,73.7323,522.6134,212.8293,4.2467,16.6201,55.3774,34681.8777,16.245,1.5913,0.2555,0.082,0.0832,3.911,3.5136,28.1594,307.4481
SYN1044,low,84.5444,575.8217,151.8557,9.1974,11.8118,87.5825,43599.1871,11.7515,2.2728,0.2685,0.036,0.0951,1.6434,0.0,38.9646,276.8814
SYN1045,low,88.7808,686.8954,152.2168,5.6651,12.9792,35.5407,47715.5386,2.4871,5.0583,0.0832,0.0326,0.0749,3.5078,11.0252,20.1602,261.4747
SYN1046,low,74.1865,606.5228,226.2361,5.8228,12.9338,41.1154,33438.7508,3.9667,1.1535,0.2986,0.1833,0.0803,3.456,0.0,9.2042,210.0145
SYN1047,low,99.1664,775.0775,149.7054,8.366,24.8004,57.5985,58089.8266,7.4841,2.93,0.3043,0.0525,0.1126,2.2241,12.9599,23.8484,191.3314
SYN1048,low,89.8847,207.4438,139.1004,7.2574,11.6278,75.5168,44487.814,4.3233,3.7604,0.365,0.1354,0.0488,2.573,13.7944,31.7255,309.7448
SYN1049,low,85.238,651.9219,209.0105,4.1698,6.5947,86.3288,41446.2278,14.4075,3.0566,0.3065,0.1417,0.0692,3.7598,9.579,5.3904,294.3695
SYN1050,low,73.1155,480.3128,277.9029,5.3162,11.0656,49.0067,62257.6904,11.9828,5.0637,0.1787,0.1048,0.0508,4.1383,7.393,18.9083,277.7707
SYN1051,low,77.6508,509.2904,158.8148,12.3602,19.8979,46.9285,36117.3846,9.5911,0.3111,0.2912,0.1041,0.0813,3.4671,6.8963,36.0935,443.9118
SYN1052,low,104.6424,546.5028,186.5375,10.0245,6.3864,69.5602,44330.3309,13.4623,3.5783,0.1586,0.0983,0.0647,2.1959,19.303,12.0165,338.7458
SYN1053,low,99.367,457.3134,131.7351,9.4142,9.2389,75.8233,44840.9223,3.4213,6.095,0.1775,0.0688,0.0489,2.5623,6.1757,33.8902,373.6403
SYN1054,low,94.5071,400.4257,93.4477,5.8072,11.8344,104.8639,34753.4418,12.1189,2.9672,0.189,0.1143,0.0667,2.5872,13.9513,42.102,245.8442
SYN1055,low,90.1897,510.177,231.3458,11.3261,16.1024,72.6819,56933.4457,16.8465,5.7643,0.1775,0.0755,0.0809,5.7269,14.0913,40.4671,306.7143
SYN1056,low,86.7532,919.613,203.3769,8.1393,5.2007,78.6563,51036.7785,21.8163,2.3844,0.2317,0.1603,0.0437,3.0329,12.212,18.0666,262.2996
SYN1057,low,88.0177,648.5225,265.1542,4.9205,12.6648,42.497,58730.6528,3.3841,1.8822,0.3462,0.0952,0.0656,3.4494,13.6474,23.8661,224.2853
SYN1058,low,84.2066,474.4864,118.5137,10.1251,13.219,45.898,24075.7384,15.3623,4.3004,0.2147,0.0722,0.0976,4.7655,1.3119,0.0119,295.2012
SYN1059,low,88.5817,688.0138,102.3922,12.3313,11.5892,87.9324,46798.1548,13.2838,4.1395,0.1344,0.0237,0.0462,5.0466,9.7265,24.4334,240.7011
SYN1060,low,69.8837,1050.2351,187.1889,3.7077,12.6405,42.9737,53769.0097,7.7369,2.1076,0.3263,0.1098,0.0742,3.8427,9.4616,36.4012,205.8886
SYN1061,low,68.6661,588.0722,189.7478,4.5249,19.517,81.9341,38906.5016,11.1344,3.4168,0.0261,0.0208,0.0752,2.7477,14.7148,26.2546,182.6419
SYN1062,low,90.0814,743.1457,287.9549,10.7739,12.2982,43.8266,51775.1264,12.9674,4.7904,0.1654,0.0499,0.0544,2.9528,20.7861,28.4084,214.3057
SYN1063,low,102.1382,649.4777,144.4007,6.5483,10.3983,70.6041,49319.6968,8.1315,2.9513,0.1772,0.1659,0.064,4.2496,22.4516,15.1081,398.8771
SYN1064,low,93.3768,182.854,217.9456,9.9416,9.5841,99.3497,24839.2807,3.6781,3.4489,0.2549,0.1019,0.0624,4.9275,13.6811,11.7721,239.4099
SYN1065,low,79.627,205.902,293.3578,12.1403,8.8722,69.8951,48916.4226,12.3034,1.8994,0.1833,0.1539,0.0592,4.8839,8.9642,30.8366,312.1858
SYN1066,low,88.8163,165.0716,164.6291,4.641,5.5266,89.0207,35452.1832,12.7325,2.9062,0.3138,0.1272,0.0526,3.1744,14.6302,0.0,351.9013
SYN1067,low,86.9103,812.5554,165.5944,6.9522,10.3918,111.9187,47347.0963,13.1502,5.0606,0.1174,0.1498,0.0501,3.2768,0.6605,17.7188,380.0608
SYN1068,low,83.8833,579.8209,195.5045,2.0054,16.5816,68.6622,55972.1415,0.0,7.1767,0.2043,0.0964,0.0593,2.941,14.3658,22.5195,318.6112
SYN1069,low,93.4052,654.3582,250.9047,9.487,12.7521,69.124,75647.8182,10.7119,3.4022,0.1368,0.1306,0.0389,4.3082,6.2574,41.1403,244.7454
SYN1070,low,92.7127,411.431,185.5103,8.9863,13.6068,70.548,64591.9578,13.2677,2.5117,0.315,0.1319,0.0371,4.3055,19.8006,10.5365,284.2108
SYN1071,low,67.7729,631.3941,177.885,8.0467,6.5186,23.9987,64323.0709,6.7652,1.0172,0.1218,0.1299,0.074,4.3895,8.2146,35.7571,247.9956
SYN1072,low,89.5113,518.7922,15.0416,14.8728,5.0521,18.865,56315.986,23.1988,5.7685,0.1142,0.1821,0.0802,2.561,5.8711,44.5244,338.5412
SYN1073,low,72.436,529.8312,71.493,7.705,7.057,32.4103,44518.5181,17.96,4.8366,0.2883,0.1379,0.0656,3.7948,10.6252,21.3741,199.6828
SYN1074,low,95.9131,266.4936,147.9043,8.9593,4.035,71.0119,41725.0708,13.7624,3.4478,0.2953,0.0509,0.0555,2.2104,13.3003,12.3166,268.43
SYN1075,low,94.9819,434.2748,91.8176,13.2487,5.7807,42.6774,31942.2983,15.4746,2.4101,0.1856,0.1061,0.0709,3.3252,10.2932,22.4059,203.8407
SYN1076,low,74.0416,703.4498,177.0299,7.6105,12.2191,56.3249,55494.3076,22.0526,1.885,0.2423,0.0582,0.1029,2.5265,2.8744,25.0982,310.7022
SYN1077,low,78.8402,1007.0992,163.4611,7.3893,9.0916,34.6311,32910.1144,4.8803,3.0682,0.4264,0.0598,0.0928,3.1117,20.0662,16.4641,305.5186
SYN1078,low,77.6346,297.5897,307.0801,9.2571,8.4749,58.6058,49816.5768,11.38,4.0775,0.0955,0.1165,0.0767,3.4338,0.0,25.7406,358.2135
SYN1079,low,82.5271,752.2845,113.5381,7.0508,18.0655,63.5429,74470.6136,12.9666,3.3841,0.1069,0.0944,0.0419,3.3694,5.5868,34.3609,347.3048
SYN1080,low,84.2089,726.9978,112.7643,1.5413,13.9429,122.325,41915.0072,15.1925,3.1637,0.2078,0.1354,0.0791,3.3335,5.2841,8.6877,113.1036
SYN1081,low,91.5421,411.0637,227.5557,5.3046,12.1409,59.772,57202.5379,13.3735,2.9499,0.1968,0.1134,0.0664,4.1191,5.9915,31.9204,246.0032
SYN1082,low,83.8473,553.2572,193.9655,9.5891,11.6475,72.1625,42902.6418,1.1227,1.1213,0.2646,0.1005,0.0338,4.5902,3.6093,18.9478,211.239
SYN1083,low,94.5252,515.7285,147.0618,7.0926,10.0591,64.2604,44248.0357,11.0152,3.8739,0.268,0.1765,0.0844,1.9903,8.7193,36.9073,271.8934
SYN1084,low,86.4669,149.5049,227.9024,10.2775,9.1174,0.0,34352.5777,12.959,0.0422,0.1012,0.0,0.0787,4.1496,1.7987,19.7523,166.391
SYN1085,low,83.3254,366.683,158.9702,5.3456,11.1353,102.7927,22793.384,2.9322,5.9423,0.2663,0.106,0.0405,3.1847,17.1794,20.4147,257.8156
SYN1086,low,79.5783,448.5713,241.9467,8.8979,18.5087,99.0378,42448.0581,7.2329,3.9199,0.3032,0.0697,0.0965,2.5309,14.0676,17.1209,432.5847
SYN1087,low,97.0107,435.7764,116.7162,9.61,17.9285,77.9738,55944.6676,7.216,0.1564,0.2309,0.0817,0.0637,5.2134,1.9172,12.2839,356.0331
SYN1088,low,78.2863,831.96,193.9909,8.8058,19.6423,72.6959,49536.1451,16.3625,2.2701,0.1999,0.1664,0.0711,2.8773,12.7353,43.65,208.5185
SYN1089,low,90.879,803.9343,250.2331,6.2508,11.1644,67.0645,38518.3242,19.0367,3.9819,0.0627,0.2028,0.0379,2.1552,8.6725,19.2319,284.5925
SYN1090,low,70.9139,746.591,276.6798,8.0638,13.5442,102.5554,45370.5445,24.0084,4.131,0.3139,0.1091,0.0341,3.8629,12.3981,15.4864,217.7107
SYN1091,low,80.1217,387.3699,149.3634,9.7657,20.3495,69.8668,25257.6371,13.223,5.3933,0.2505,0.1645,0.0735,3.9533,9.1693,9.757,243.2781
SYN1092,low,70.9135,490.6354,240.5667,6.8815,20.6348,50.0091,45145.5862,15.663,0.1633,0.2212,0.0608,0.073,3.066,9.2743,26.1953,189.0006
SYN1093,low,84.973,1101.5232,334.3053,11.6251,17.1203,74.8132,52897.0551,8.2441,1.3636,0.321,0.0724,0.1112,1.6743,6.6145,23.8455,383.3688
SYN1094,low,99.8327,551.5851,139.8224,2.4004,11.5866,56.9563,63188.2964,14.1541,0.9516,0.1837,0.1348,0.0791,3.0298,10.5304,36.7753,168.6649
SYN1095,low,72.2424,985.8109,155.7805,4.6411,12.7044,15.789,46524.348,10.262,2.0679,0.2666,0.0887,0.0408,4.421,7.7668,32.8875,410.7669
SYN1096,low,83.3706,485.7259,147.8452,9.4063,7.0081,67.5448,52725.1239,17.1347,2.7997,0.1774,0.0415,0.0026,3.7136,9.8349,39.7225,392.9007
SYN1097,low,89.1275,532.2191,188.5043,5.7584,0.0,82.1011,52315.8146,9.5934,3.134,0.1538,0.0887,0.0673,2.322,15.4815,13.9682,379.4151
SYN1098,low,85.4934,591.0896,76.9408,11.4942,8.327,39.7437,44807.9688,16.7432,0.9684,0.1777,0.1397,0.0349,1.6375,11.7613,8.4342,297.3144
SYN1099,low,79.176,0.0,220.5592,10.7118,0.1853,34.7567,50668.1597,21.2875,3.0416,0.2754,0.1088,0.0527,3.6288,5.0345,22.8614,174.2289
SYN1100,medium,110.5449,1254.91,289.0771,8.2429,11.5409,3.2417,41714.2075,6.6887,1.639,0.545,0.1348,0.056,1.9354,12.6208,6.3267,151.7469
SYN1101,medium,78.2291,612.9197,428.5968,12.2401,10.7634,37.3722,32746.4106,10.4111,2.9695,0.2898,0.1502,0.1145,2.3689,16.7929,2.9321,195.5576
SYN1102,medium,92.8858,501.0908,262.1798,13.2367,12.6018,27.4285,20313.6712,8.7132,1.6257,0.5036,0.1566,0.0679,1.5208,9.3141,15.9652,258.4389
SYN1103,medium,80.1374,717.2876,275.1615,12.9528,7.9673,35.6785,46488.2657,6.5277,0.0,0.6907,0.2206,0.0898,3.1686,17.3607,10.5278,163.6166
SYN1104,medium,81.547,697.2892,224.7418,6.2328,21.0769,18.1322,45388.7437,13.0853,3.9966,0.3773,0.11,0.0649,3.2673,21.8843,16.8271,131.8587
SYN1105,medium,100.5114,856.3247,285.4959,8.2233,15.9335,16.3012,41584.2703,1.6161,2.2528,0.3771,0.1167,0.0897,2.4634,7.7467,21.3138,119.446
SYN1106,medium,84.037,1110.716,296.8837,8.2762,16.3629,44.7986,30541.0288,3.1019,4.2142,0.2987,0.216,0.0854,1.1997,18.4544,16.4243,179.9097
SYN1107,medium,91.4645,678.0638,306.1795,8.2214,16.6941,29.3844,21710.1743,11.3439,0.9281,0.4817,0.1425,0.0773,0.1446,18.3239,14.3335,184.0198
SYN1108,medium,94.295,347.433,165.1686,5.7966,17.7515,42.5274,30851.0586,6.3247,2.1401,0.6006,0.1644,0.0695,2.4306,15.8641,10.8777,188.9968
SYN1109,medium,95.5193,989.8051,201.1332,3.5081,15.556,38.4839,30488.0663,10.8115,5.2246,0.4086,0.2483,0.095,1.2654,17.3271,20.0073,0.0
SYN1110,medium,74.4398,750.752,271.0884,10.6545,13.218,42.3406,25150.857,7.7784,0.5151,0.4691,0.1853,0.0319,3.576,14.2776,7.0973,264.4018
SYN1111,medium,85.9202,1012.8157,267.4196,4.6273,11.454,12.9741,35510.9196,12.3618,0.0,0.3756,0.1499,0.0592,1.5494,6.1558,12.4183,62.2404
SYN1112,medium,89.0698,805.9673,431.1072,8.818,9.458,3.8354,12165.4636,0.6635,2.5343,0.4606,0.1949,0.0574,1.9559,13.7666,7.4278,204.1804
SYN1113,medium,79.8,550.4662,66.3366,6.8425,11.9443,10.1538,30556.1734,7.3074,1.5503,0.4874,0.1462,0.0844,0.6769,27.2855,19.2779,130.2308
SYN1114,medium,83.3351,865.3005,345.7823,9.8614,9.9378,26.338,19419.0117,7.4342,1.9335,0.433,0.1037,0.1223,2.2518,15.3099,13.1319,183.9518
SYN1115,medium,79.635,557.471,347.2511,10.2816,9.7689,43.3037,18869.9949,10.6766,4.0012,0.1542,0.1416,0.0828,1.9843,17.119,5.8063,214.6139
SYN1116,medium,83.2806,310.411,377.3906,4.0125,18.1627,35.5205,19999.3693,5.3567,0.0,0.35,0.2002,0.0878,3.3532,15.0598,18.6757,188.6419
SYN1117,medium,88.3925,574.3564,346.8366,13.8467,6.8283,14.8904,31709.5367,8.1206,0.3808,0.4736,0.2717,0.1219,1.8228,12.0648,11.5354,52.4109
SYN1118,medium,87.9571,696.3969,236.7084,13.7959,15.8046,18.4542,39666.4984,5.6647,4.3462,0.3783,0.2182,0.0802,1.6735,12.9453,12.2327,140.14
SYN1119,medium,81.2233,1424.764,317.4246,10.5025,3.9947,15.4879,23334.3787,4.5166,1.6637,0.4337,0.07,0.0462,2.0034,7.6425,14.0006,240.2883
SYN1120,medium,72.9762,719.9188,359.0864,14.875,6.8523,27.9604,26881.585,6.5762,7.2887,0.4697,0.1049,0.0872,0.3186,30.5186,6.5643,5.8342
SYN1121,medium,95.0954,703.9062,315.9415,7.8912,14.8855,21.6488,44386.5528,6.7944,0.0,0.4361,0.256,0.0829,2.3284,18.1564,10.2585,159.802
SYN1122,medium,83.7898,862.5069,255.0595,9.8567,15.6056,29.7426,38111.6491,7.3583,1.6053,0.3015,0.1383,0.1212,1.2848,1.0503,34.9642,203.0831
SYN1123,medium,91.8991,691.2148,361.1701,11.8426,9.1356,26.8846,21311.7759,1.4815,0.7466,0.5161,0.2215,0.0,1.9246,20.5913,14.3632,143.971
SYN1124,medium,79.0408,1011.2016,367.0022,11.1249,14.7572,34.8418,31708.2661,3.4725,1.6739,0.4416,0.2308,0.0955,2.9578,11.5096,16.0235,189.0225
SYN1125,medium,83.4494,571.2152,319.3321,11.8127,4.9622,12.8473,23539.4342,3.2404,3.6589,0.3627,0.1245,0.0708,1.4923,2.7447,14.4931,145.0663
SYN1126,medium,77.2116,433.5303,0.0,9.5515,22.0026,36.8674,34306.2536,5.0335,3.6142,0.1395,0.2245,0.0428,1.8619,16.4195,14.9416,219.8362
SYN1127,medium,84.9256,304.6587,197.4758,7.7722,10.3796,23.8283,22953.3807,11.4841,2.0004,0.4407,0.2542,0.1628,2.5287,18.7469,9.4373,143.5934
SYN1128,medium,84.1742,570.6078,217.1401,11.6232,14.3128,24.3231,41359.8776,6.4505,2.7809,0.3986,0.2378,0.054,1.8049,11.3932,10.8739,70.9771
SYN1129,medium,81.3985,1146.1166,267.9792,9.5919,9.9117,18.2071,38773.4826,11.8155,1.7211,0.3101,0.0093,0.076,2.3388,25.9592,19.4835,198.0969
SYN1130,medium,84.3939,758.6215,219.2076,13.3574,14.6337,25.6057,38844.2786,2.4447,4.0782,0.4521,0.0789,0.0111,2.1005,12.1462,4.455,117.0523
SYN1131,medium,83.6977,1115.1217,152.9529,13.928,8.4969,29.6607,28385.1968,9.4127,0.9118,0.2514,0.0712,0.1045,2.7034,18.6349,6.6856,97.1685
SYN1132,medium,93.9146,746.5122,477.1354,11.3538,12.9037,18.8453,32247.1248,9.1885,0.0,0.2597,0.2319,0.0646,2.1368,14.3998,6.0396,4.0716
SYN1133,medium,86.9516,639.3915,269.1671,13.6471,6.8045,4.3897,33812.3693,7.2036,2.3467,0.4662,0.2107,0.0806,2.7438,20.71,17.1427,125.5278
SYN1134,medium,89.4615,1265.2116,261.8798,9.6921,6.6992,14.6037,27872.8398,5.7291,4.5633,0.5588,0.0679,0.0551,1.8991,15.2772,1.4977,135.328
SYN1135,medium,101.7163,447.8782,238.9382,10.3991,17.9367,21.0886,28481.6772,7.607,0.3297,0.4096,0.2149,0.1142,1.0997,27.0638,5.8943,100.4028
SYN1136,medium,88.6974,1184.3976,60.9324,13.6003,5.8802,18.8002,27278.3114,9.3542,0.0,0.4022,0.3217,0.0802,0.6531,14.6697,10.4979,135.0785
SYN1137,medium,87.8449,936.6042,422.3913,8.4273,16.5988,6.4807,21479.1999,8.8896,4.9682,0.2164,0.1933,0.0601,3.9219,18.9812,13.134,109.7182
SYN1138,medium,83.5502,874.4459,220.6952,8.8016,23.4986,19.0357,28058.2583,4.4098,3.4884,0.3799,0.0925,0.0981,1.8182,22.1763,9.8354,119.1477
SYN1139,medium,90.4905,1021.3752,82.6907,11.6778,6.9441,30.7692,32157.0037,3.1842,1.1859,0.5386,0.2794,0.062,1.5156,2.9342,20.0526,107.3454
SYN1140,medium,87.9091,427.5122,242.9792,11.765,12.3623,40.1339,16037.0674,6.9516,0.0,0.4501,0.3184,0.0331,2.1953,27.3205,13.7305,95.5669
SYN1141,medium,81.1022,500.105,321.2194,12.5775,4.1071,25.8358,26454.0219,6.6739,2.6954,0.3295,0.0,0.086,2.8982,19.0572,15.8301,212.968
SYN1142,medium,82.9877,929.5256,104.6774,6.9673,18.9705,10.226,26891.5531,8.8482,3.5668,0.3841,0.1039,0.0474,1.4919,20.7556,4.9584,181.6472
SYN1143,medium,87.0016,946.3039,297.6558,13.2048,16.2523,3.963,43571.4238,3.0078,1.2321,0.5507,0.3017,0.1094,1.5622,16.5972,7.3421,99.3256
SYN1144,medium,76.1988,1302.6592,280.7064,10.4932,16.3296,27.059,41228.3455,4.531,0.8834,0.7532,0.2225,0.0745,3.8961,19.7415,19.2136,127.3633
SYN1145,medium,89.6016,691.6121,322.5984,11.5473,11.5302,21.1408,15303.3888,5.5719,3.7808,0.4735,0.212,0.1302,2.4956,15.9608,17.6812,84.9565
SYN1146,medium,89.936,652.7102,66.1991,12.2915,10.6058,11.6467,39628.268,5.4319,4.1199,0.386,0.1805,0.0602,2.5506,20.8918,15.9468,172.061
SYN1147,medium,71.3411,914.4228,167.3566,4.942,5.3882,35.3523,25078.1027,13.1349,0.9284,0.2161,0.2648,0.0878,2.7152,13.4151,14.0037,47.3071
SYN1148,medium,84.6108,1205.5798,227.6208,5.0219,10.9327,25.1234,21398.6518,3.1714,2.6876,0.5283,0.1691,0.0636,1.0951,17.1201,16.5125,206.4569
SYN1149,medium,85.5548,539.737,125.3124,7.0499,12.5828,4.6043,21859.5421,2.9842,2.4145,0.289,0.1639,0.0523,2.1295,22.2314,20.2467,43.4597
SYN1150,medium,87.172,1032.3251,333.0257,5.5552,17.0939,40.4552,19652.0071,3.33,4.0353,0.4012,0.1417,0.0719,1.4504,27.7142,22.3832,73.523
SYN1151,medium,76.8427,787.8265,122.2003,10.5428,15.8603,21.2537,44367.887,5.6637,3.1292,0.4209,0.2073,0.0402,2.5963,23.3312,21.1871,132.3835
SYN1152,medium,83.1247,350.1584,417.4626,13.1444,6.5387,30.2765,26467.2775,8.0539,2.5884,0.3591,0.1958,0.0689,2.0788,15.0797,18.7823,120.978
SYN1153,medium,75.0987,1216.4289,207.7952,9.7182,15.4984,27.664,32835.5079,9.9707,2.9645,0.2971,0.1159,0.055,1.3946,15.5298,7.9897,182.5129
SYN1154,medium,90.5433,1461.8843,189.2613,4.8569,14.5191,30.6588,29460.4699,12.813,0.0,0.4865,0.1266,0.0811,2.8822,20.7833,11.5348,204.0138
SYN1155,medium,91.5056,787.2849,262.285,3.241,12.9308,13.7233,26575.649,12.7745,0.0,0.5863,0.3195,0.057,1.5547,12.1531,19.0171,123.7078
SYN1156,medium,89.3781,628.5737,162.3365,6.5238,27.7455,36.9362,17138.182,1.7102,2.9637,0.3464,0.2353,0.0902,1.8489,19.9943,19.7773,126.778
SYN1157,medium,89.8548,561.6062,275.769,17.9558,14.8374,18.2376,42139.8165,8.9308,2.8402,0.3494,0.1712,0.0898,2.594,16.6013,0.0,132.361
SYN1158,medium,82.5321,717.3748,347.8235,11.7554,6.7714,22.6592,24194.6216,1.966,1.566,0.2443,0.2132,0.0522,3.9509,19.8886,6.5692,122.0448
SYN1159,medium,92.3942,273.6212,428.3869,10.1688,8.6585,28.4155,3006.7749,7.0135,2.6556,0.432,0.0836,0.0631,4.284,23.1497,27.6191,57.7709
SYN1160,medium,76.1043,982.3181,337.2606,8.2961,13.1912,4.6169,28703.5569,6.7992,7.2416,0.3903,0.1152,0.0877,1.1875,9.7326,10.1433,90.2302
SYN1161,medium,81.3416,1142.5993,358.6822,7.123,6.4038,19.5642,23199.5758,6.7459,4.4749,0.4996,0.1996,0.1328,3.4178,18.6047,15.7241,142.0784
SYN1162,medium,67.3555,662.2673,91.1103,10.8591,9.8232,7.724,25132.2007,6.2619,0.7905,0.387,0.2394,0.0126,2.0615,11.7531,14.479,211.0043
SYN1163,medium,96.2837,987.1353,193.9244,9.246,15.2864,39.4699,39749.5719,10.1562,2.1677,0.533,0.2256,0.0459,2.9074,14.5896,12.9544,177.9337
SYN1164,medium,88.1834,929.6917,277.7563,9.9339,21.4998,34.8585,34096.9915,10.7652,0.0,0.2767,0.2782,0.1009,2.4688,12.8987,9.6435,161.3117
SYN1165,medium,91.8362,406.4412,261.4057,11.7068,8.4612,40.2314,37618.713,11.1223,0.6843,0.3538,0.1207,0.0604,3.7284,8.3726,7.5067,124.6221
SYN1166,medium,89.6562,534.4626,301.6886,4.8986,17.2409,7.2097,38075.2993,9.5025,0.6065,0.4868,0.192,0.0966,1.1173,7.7708,6.7345,177.8476
SYN1167,medium,72.7154,726.2345,321.1228,8.0939,11.3528,30.7824,35685.6383,8.2646,2.9385,0.3153,0.1094,0.0211,2.3344,18.4476,2.0464,150.2439
SYN1168,medium,93.1897,1200.7827,357.359,5.0633,16.1103,37.9472,36254.8937,11.3639,6.0245,0.4535,0.1088,0.0727,2.7811,15.7248,12.0585,163.3623
SYN1169,medium,85.9884,1229.063,304.9878,4.8021,14.8382,0.0,38880.5882,10.5409,0.8153,0.5054,0.1901,0.0807,2.3244,13.5401,23.9439,99.9864
SYN1170,medium,80.7522,1175.6133,193.1764,7.5441,19.1544,42.2202,38191.6895,3.4807,5.9741,0.3193,0.1059,0.1244,3.8587,29.7381,13.0259,200.6305
SYN1171,medium,97.5842,956.2791,32.3396,8.1102,14.2066,8.1878,36249.5565,6.1821,5.511,0.4211,0.2888,0.1056,1.7984,18.9041,16.243,147.3933
SYN1172,medium,88.6379,974.3591,316.6577,6.5871,17.4768,14.4211,34784.8176,10.2814,1.9328,0.3619,0.1748,0.0665,1.6808,17.3652,7.692,82.8162
SYN1173,medium,76.6636,720.2349,236.9438,8.2755,12.6912,27.7533,41619.6878,4.4009,0.0,0.3564,0.1656,0.0576,1.6352,14.7626,2.1597,117.9865
SYN1174,medium,87.4089,643.9215,222.8302,6.2199,12.8428,11.8189,38304.4059,0.0,1.2807,0.3378,0.1261,0.0411,1.6615,12.8072,14.27,177.7266
SYN1175,medium,91.5132,566.7443,342.3851,7.3514,12.4162,14.3733,51127.3649,5.715,5.6651,0.7032,0.2045,0.0499,2.2655,15.3318,0.5663,140.567
SYN1176,medium,77.6043,406.5468,255.2836,14.1123,19.2345,21.256,42465.942,5.534,0.0,0.4242,0.2076,0.0222,2.5339,14.0478,18.9161,142.3107
SYN1177,medium,78.3019,755.4673,286.6062,4.4501,20.3847,7.9866,34384.5312,2.6108,0.8223,0.3471,0.163,0.071,3.5066,29.329,24.3817,267.0329
SYN1178,medium,90.4509,656.305,195.3873,8.3084,18.8986,24.3293,26156.6428,8.9355,0.0,0.3153,0.1416,0.105,1.5529,8.266,14.5438,211.9878
SYN1179,medium,83.5014,928.3483,72.1676,7.2461,12.8447,11.0838,21698.4299,4.3289,2.5844,0.3431,0.1213,0.0534,2.4677,19.7437,21.6029,109.9481
SYN1180,medium,116.4099,1188.7346,225.348,10.149,13.7063,0.0,40450.2794,7.8616,3.0165,0.1255,0.1375,0.0937,0.0856,0.0,9.5019,116.0564
SYN1181,medium,87.8676,892.2624,123.4544,11.2517,10.919,8.4392,27049.8586,12.0286,0.9293,0.587,0.1599,0.0886,0.2243,15.6814,10.0303,113.6592
SYN1182,medium,86.7177,1162.8441,195.3051,11.235,12.0265,21.2297,33009.2773,8.009,1.7675,0.471,0.228,0.1355,1.4421,14.7711,17.6806,150.3937
SYN1183,medium,83.476,1212.3478,205.6417,8.3114,4.8026,17.2903,42962.2756,5.134,3.281,0.4983,0.2408,0.0663,3.5203,9.7753,19.6871,193.1826
SYN1184,medium,76.1497,1017.6741,302.0004,13.563,8.2554,42.9684,42254.1072,6.0538,4.2712,0.2423,0.186,0.0,2.3917,14.6917,1.5867,211.3297
SYN1185,medium,85.846,640.3016,96.1457,9.8102,3.4387,21.1764,16948.5346,14.9491,3.8227,0.307,0.143,0.0483,1.3579,24.5616,11.188,164.3878
SYN1186,medium,89.8169,880.8426,111.0601,6.1199,12.3865,23.1205,19567.759,16.6467,5.0328,0.2784,0.218,0.086,3.2373,17.8481,21.9065,185.2871
SYN1187,medium,72.6216,756.5275,88.2973,6.4188,10.932,44.6523,38122.0844,1.6581,2.9721,0.3545,0.1134,0.0823,2.1648,17.8043,4.3077,163.3797
SYN1188,medium,94.2312,1090.7461,123.2589,0.5035,10.7442,28.6209,45202.8792,5.1474,1.1771,0.3235,0.1734,0.1198,3.0744,6.9899,3.2202,112.902
SYN1189,medium,83.3471,615.6904,300.8158,6.0531,13.2949,27.3625,28231.9588,7.6819,0.0745,0.3334,0.1933,0.0935,0.4172,12.4314,13.2411,8.142
SYN1190,medium,78.1458,705.8487,298.2941,12.5917,6.1416,13.4867,28825.9643,3.865,5.4699,0.3988,0.1389,0.0867,2.6492,21.0023,0.0,208.7491
SYN1191,medium,98.6201,651.787,123.6977,9.9648,21.7747,22.2208,34477.9053,9.7709,0.0,0.4045,0.0958,0.0681,1.6,18.2222,10.67,139.8637
SYN1192,medium,94.7518,730.412,368.0478,9.4211,3.1647,8.5938,29955.6967,8.24,1.8868,0.5758,0.1287,0.1345,2.2821,21.4261,16.8713,157.8713
SYN1193,medium,93.5649,1158.2502,353.7552,10.7506,12.3524,28.9583,24224.1818,10.4222,5.299,0.3972,0.0527,0.1028,0.344,15.3388,15.9373,97.4864
SYN1194,medium,98.2433,720.7211,232.9226,5.3716,14.9449,25.0177,29863.0395,3.9768,4.0974,0.4234,0.0895,0.0972,1.4434,19.1542,0.0,81.1019
SYN1195,medium,88.544,1169.1247,266.5412,7.7655,12.5538,21.5492,12956.7857,12.9798,2.0827,0.3065,0.2144,0.0693,1.6648,15.0242,18.1776,39.9854
SYN1196,medium,82.0463,631.2102,298.9037,10.4101,9.4619,13.4539,30782.6809,3.4134,3.684,0.2575,0.2131,0.072,2.9564,21.9274,0.0,139.5498
SYN1197,medium,86.2644,887.6917,205.4147,10.3677,10.7045,13.6648,19302.0106,0.0,1.2202,0.335,0.1073,0.0311,0.0,7.338,13.7659,218.0752
SYN1198,medium,82.3537,589.3181,127.9893,7.4958,17.8766,28.1875,42762.6432,9.0886,0.0,0.3301,0.1138,0.0982,2.013,6.7801,18.4322,89.8781
SYN1199,medium,88.4985,999.4502,465.3487,7.1471,5.3248,0.0,39839.8323,0.0,1.2554,0.5397,0.0962,0.1068,1.3978,22.2507,25.8073,122.4672
SYN1200,high,99.2544,662.6422,242.0319,6.3537,13.734,1.9318,30337.7929,8.5697,1.7356,0.7936,0.3489,0.1412,0.9926,1.1431,3.292,42.9569
SYN1201,high,68.7935,632.9446,192.7001,2.0364,5.6126,16.4977,23234.792,3.8829,0.5821,0.5846,0.2244,0.1189,0.0717,0.8496,9.03,117.9688
SYN1202,high,79.1348,686.3414,170.9999,13.6052,2.3256,15.3524,15617.5861,6.3158,1.4413,1.1205,0.1535,0.0976,0.3646,7.0223,0.9803,76.4649
SYN1203,high,94.3821,512.5797,99.5145,2.8633,13.7469,17.618,15095.1165,4.138,0.0954,0.2913,0.3984,0.1019,1.0145,5.916,10.2325,82.8667
SYN1204,high,89.4325,287.9486,240.5126,7.1634,5.3349,17.1327,26361.5897,4.4029,1.0796,1.1271,0.2058,0.0749,1.2327,4.6943,8.586,62.4516
SYN1205,high,76.3975,433.4333,119.7813,4.1359,14.6741,0.0,27215.7231,5.0141,0.0,0.7066,0.0402,0.1251,0.4691,0.0,12.0137,58.4458
SYN1206,high,88.5958,254.3344,258.0657,8.1841,11.128,11.17,31089.505,3.9991,0.0,0.492,0.1701,0.1355,1.7382,5.0157,2.2483,77.5819
SYN1207,high,80.2858,990.409,185.6905,2.2878,2.8042,10.5479,25831.0187,5.4255,0.9976,0.4768,0.273,0.1067,1.943,3.8383,2.0708,109.265
SYN1208,high,94.84,184.7319,60.7341,4.5531,11.0111,19.7782,22648.6313,3.272,0.0,0.8836,0.4388,0.0282,0.3539,8.7695,8.2963,118.9858
SYN1209,high,77.1622,405.0003,204.2653,5.2315,6.6248,8.0062,17628.6162,0.0,1.4582,1.0583,0.283,0.1536,0.4176,6.0368,5.452,51.8211
SYN1210,high,76.8078,519.105,202.0385,5.3932,8.6902,1.8282,28607.4204,9.4216,0.0,0.3288,0.0868,0.0358,0.3233,1.8729,13.813,51.5942
SYN1211,high,78.5774,705.937,258.472,3.3082,5.7351,9.4689,23893.089,4.4172,0.0,0.4878,0.3858,0.0609,0.7601,10.4952,10.7622,77.4401
SYN1212,high,86.0094,391.0326,209.3144,6.7093,9.7819,8.4069,20487.8031,0.0,1.6821,0.6834,0.5764,0.0346,0.863,5.5168,11.9565,149.5007
SYN1213,high,88.3456,447.6544,237.2588,5.6234,3.8295,5.807,12141.1645,3.7683,1.4258,1.1503,0.2323,0.0739,0.7888,9.9747,2.6718,50.746
SYN1214,high,87.3417,776.1697,211.7801,4.7063,18.0897,14.3342,21589.9554,0.1711,0.0,0.9341,0.3528,0.1454,0.012,5.3326,10.4053,86.3291
SYN1215,high,101.4238,302.9074,138.984,3.7592,7.0894,1.4692,15978.7625,2.3182,0.0,0.5649,0.3383,0.1535,0.9728,6.0862,1.436,66.0972
SYN1216,high,84.353,705.1767,184.0229,0.9898,7.3527,9.7916,13363.6183,3.344,0.9086,0.6172,0.3224,0.0431,1.4444,9.0872,13.5892,75.4843
SYN1217,high,90.3194,784.9969,145.8256,0.0,7.5548,8.6149,8915.2142,2.4543,2.5302,0.4667,0.2268,0.0386,0.9261,6.9334,0.0,110.3757
SYN1218,high,85.4096,905.7339,235.2401,4.8557,8.2674,6.86,26445.1273,2.1181,1.0452,0.3485,0.2775,0.0815,0.4377,5.4886,3.8587,87.9025
SYN1219,high,67.2654,287.1098,306.9632,0.0,10.7391,11.8526,10635.5435,5.2732,2.2795,0.3981,0.362,0.0876,0.6491,5.5007,3.8656,112.7287
SYN1220,high,97.7555,934.9394,23.4654,1.8461,14.9897,20.1462,16172.5502,0.2828,3.0958,0.1515,0.1945,0.1552,1.1514,2.2547,1.3045,63.0722
SYN1221,high,72.4571,242.9773,280.1197,5.9394,11.7483,17.7992,8107.358,3.8925,0.4685,0.5213,0.3136,0.0836,1.2395,4.9926,11.804,100.7796
SYN1222,high,93.5945,194.1724,188.6229,2.7297,0.2403,16.1676,24667.0866,4.155,1.2291,1.2525,0.0808,0.0887,1.0734,5.9216,6.4923,66.0405
SYN1223,high,75.2168,543.1303,103.4436,3.0852,5.7385,2.6026,33998.1712,7.994,2.9204,0.8989,0.2813,0.1425,1.0122,4.9624,6.7762,25.5479
SYN1224,high,83.1802,612.9066,354.2911,0.5617,14.0369,15.8786,9212.9693,7.0214,1.3361,0.4154,0.2296,0.0533,0.9356,7.7188,4.4151,107.3933
SYN1225,high,90.8771,718.0367,62.0339,3.7544,9.1361,9.6682,15567.2537,5.1875,1.6929,0.5418,0.5865,0.09,0.488,6.3464,2.8364,42.7051
SYN1226,high,79.9257,490.3257,321.8214,2.1563,5.6627,13.5842,4657.5879,2.1017,1.5964,0.6375,0.4753,0.1258,0.4071,0.0,7.4059,0.7621
SYN1227,high,86.7019,580.7172,130.2454,4.4523,5.0402,8.79,10511.9931,0.6579,1.2587,0.8637,0.3748,0.1007,0.782,2.9826,7.4802,65.6694
SYN1228,high,87.499,560.1109,170.5743,0.0,9.642,22.2752,14119.6858,1.8158,1.3733,0.6052,0.373,0.112,1.2914,5.3343,2.6974,75.2277
SYN1229,high,84.3303,671.9094,78.5585,7.4605,8.7412,9.4372,17585.5759,3.5493,2.1917,0.4233,0.4151,0.1136,1.4964,3.5736,7.3547,106.031
SYN1230,high,82.4793,538.2506,272.0313,4.5449,11.1334,14.0368,26745.5577,7.1721,1.8722,0.6134,0.3432,0.1392,0.3402,5.8093,2.5979,156.9816
SYN1231,high,74.4735,295.8774,158.77,5.9228,6.9017,17.1132,20392.5349,4.1183,0.0,0.7732,0.4413,0.0811,0.6141,7.1955,11.8105,37.9288
SYN1232,high,93.5582,456.6059,249.6465,10.1095,2.4479,0.0,12023.7216,5.7482,1.4969,0.2308,0.4516,0.0837,1.0405,13.7293,15.2317,63.6493
SYN1233,high,86.3445,453.1474,133.3721,4.5219,7.5177,0.9117,11282.5546,5.5638,1.3217,0.1904,0.4315,0.0569,0.3002,0.0,6.5803,97.7611
SYN1234,high,84.8218,552.4035,270.2274,3.6553,6.231,0.0,17827.505,10.1262,1.2774,0.6601,0.037,0.0971,0.4024,8.2866,0.1035,49.4925
SYN1235,high,88.7723,766.7717,223.1762,3.3412,13.0073,6.0146,10743.9721,1.7209,0.0,0.6976,0.2143,0.1229,1.061,4.6773,6.0705,35.8622
SYN1236,high,81.7007,222.1086,207.1496,3.3483,10.2654,3.6885,18448.5019,7.9098,1.5862,0.4297,0.0502,0.0866,0.0,3.549,4.6932,33.5098
SYN1237,high,69.252,256.5067,58.9166,0.1992,4.1309,9.9568,9857.6999,5.5408,1.0347,0.6471,0.321,0.077,1.0286,3.507,6.8484,35.2324
SYN1238,high,86.46,85.5166,139.3746,4.6288,7.4093,1.8958,13800.8075,4.8079,0.9551,0.8784,0.1908,0.1068,1.2275,1.4305,6.3907,25.7426
SYN1239,high,82.5175,363.7746,252.887,0.7311,5.1195,6.6147,26901.2301,5.1393,0.032,0.9578,0.1671,0.1095,0.5649,7.5457,7.9236,62.9117
SYN1240,high,83.7896,378.1533,158.0047,0.7005,6.9014,11.9619,27368.5045,0.6785,0.6345,0.5438,0.4473,0.0351,0.5928,8.8263,9.3129,108.1802
SYN1241,high,86.2621,432.5659,140.2514,2.8146,10.2781,18.9217,18119.0979,6.9884,0.0,0.8301,0.2259,0.0822,0.2021,2.6442,2.8426,69.7534
SYN1242,high,83.703,436.8183,194.136,5.5266,1.6248,3.6581,16487.3779,5.6089,0.0,0.3751,0.2239,0.1377,0.3513,6.85,6.972,16.3555
SYN1243,high,77.4595,700.359,281.4764,7.1316,10.7174,11.2778,12551.05,3.6098,2.6691,0.8869,0.4101,0.1133,0.9715,1.6002,0.0,56.2432
SYN1244,high,84.5247,528.0775,250.7577,2.4652,3.0039,8.4489,16300.5174,5.645,1.9496,0.6292,0.4923,0.0337,1.7074,5.7577,3.0529,20.4656
SYN1245,high,88.1065,581.7464,75.6505,5.5168,11.6861,18.1682,24100.0317,6.2825,1.0601,0.7493,0.275,0.0255,1.8278,3.212,4.6545,103.6107
SYN1246,high,78.3257,0.0,137.0223,7.7404,11.1505,11.5691,14760.0536,0.1629,1.5153,0.4068,0.2746,0.0591,1.5248,5.1375,10.9209,49.1059
SYN1247,high,69.8828,521.0116,111.4695,10.6713,9.1972,13.613,12134.1879,5.0893,1.3111,0.8255,0.2445,0.0655,1.992,3.7212,5.042,109.0892
SYN1248,high,76.012,522.147,210.4993,9.3419,11.2724,2.7021,27900.5028,8.9218,4.1521,0.9839,0.2684,0.0459,1.9076,5.0427,6.3468,82.4484
SYN1249,high,87.8852,376.322,11.961,7.2533,0.7397,9.1707,377.5054,3.0391,2.6434,0.2419,0.3919,0.0681,1.0214,9.7703,2.9015,10.8786
SYN1250,high,80.367,341.4254,130.9381,6.9,9.0905,0.5666,9120.055,4.596,0.9209,0.6931,0.3223,0.1089,0.4683,0.0,8.3703,0.0
SYN1251,high,73.6702,652.3897,115.7086,4.0453,5.8754,7.4412,29788.3049,6.4064,1.8622,0.8532,0.2527,0.0865,0.6596,10.5098,0.3053,5.1855
SYN1252,high,107.5172,328.4452,186.3807,7.2976,2.5365,10.7979,24459.479,2.7547,1.7007,0.0754,0.2148,0.1283,0.3244,5.5508,5.1139,69.2195
SYN1253,high,87.5482,525.3996,286.9757,6.3459,12.8479,7.5779,22999.2019,4.8378,0.0491,0.7865,0.2241,0.0973,0.8478,5.3808,6.7794,34.3107
SYN1254,high,82.555,324.9597,46.9932,4.5653,7.2162,9.6788,14095.0667,0.0,0.6117,0.5608,0.3446,0.1019,0.4042,0.4323,10.2159,90.0202
SYN1255,high,76.7444,497.5563,261.1644,3.8379,4.6055,17.523,16092.1548,4.6647,2.2348,0.5464,0.5382,0.0135,1.2168,7.9335,5.1027,100.0855
SYN1256,high,78.781,674.9621,164.9888,5.7294,7.823,17.1395,15397.1794,4.6955,2.146,0.5702,0.3028,0.0929,1.1977,0.0,2.8847,117.2876
SYN1257,high,99.3898,251.2426,121.3883,4.5881,12.8312,10.2456,19461.4132,0.7134,0.1192,0.3633,0.5319,0.0751,1.6794,3.2719,0.0,54.0822
SYN1258,high,87.4932,394.5865,165.5264,6.0139,12.5652,9.0254,21951.0904,8.9151,1.3813,1.0644,0.2884,0.0901,0.5324,7.2111,11.0876,66.1216
SYN1259,high,85.6733,728.1117,176.8889,2.7592,12.9607,7.6972,21212.2935,2.5678,0.3502,0.1212,0.3705,0.0862,0.1405,2.4557,6.9741,67.8859
SYN1260,high,88.932,425.7957,248.9101,2.8641,2.8288,8.0362,13126.6084,1.1013,0.8246,0.8056,0.2851,0.0165,0.9064,2.7017,9.1753,59.5918
SYN1261,high,87.1084,351.3203,131.6993,6.0784,18.3963,4.7037,13666.9976,3.8106,1.3958,0.7675,0.5557,0.0763,0.8954,4.835,3.9631,40.3774
SYN1262,high,62.163,605.6595,189.4926,1.7294,5.0578,3.1815,17884.2825,2.1211,1.4941,0.1662,0.0097,0.0702,1.542,7.2919,0.0,0.0
SYN1263,high,94.4281,602.834,318.5318,3.5547,10.2978,0.0,0.0,6.5343,0.9944,0.4523,0.2867,0.0685,0.4716,6.3935,0.0,71.5922
SYN1264,high,84.3742,778.226,121.1314,6.5134,2.7479,1.9232,28480.6992,2.9581,2.4533,0.8144,0.5629,0.1068,0.2133,4.8297,6.0342,15.0191
SYN1265,high,93.2835,963.1691,209.4389,4.8274,13.3014,10.264,18676.2738,0.7251,1.2338,0.8963,0.2433,0.1179,0.0,4.0756,0.0,75.7503
SYN1266,high,80.8101,415.8131,165.2139,6.4807,10.1636,0.0,8030.0501,6.7882,0.8679,1.0134,0.3081,0.0545,0.482,6.9929,4.8528,96.583
SYN1267,high,86.4855,560.0735,337.4558,0.4643,13.6375,14.8386,10767.2581,4.6097,0.5424,0.4625,0.0572,0.0859,0.2207,2.2047,2.1336,67.6157
SYN1268,high,90.6274,144.0231,85.5929,5.3788,5.0614,4.2449,13611.2113,0.0,0.0259,0.8332,0.3861,0.0728,1.6546,0.0,5.1661,112.2313
SYN1269,high,82.3076,95.9444,209.5765,6.1503,7.3628,15.0355,7980.0312,7.3837,1.1545,0.3485,0.2381,0.1193,0.2463,3.4092,4.1417,71.5526
SYN1270,high,79.8354,678.1173,305.9549,3.7946,11.7254,2.0778,23037.8664,4.5983,1.473,0.6764,0.4786,0.0469,0.8901,1.7124,10.1452,49.1563
SYN1271,high,85.3799,705.524,117.6881,5.0819,8.8105,0.0,9476.8087,2.3177,0.0,0.8107,0.0518,0.0773,0.0695,6.8235,6.7676,138.192
SYN1272,high,85.2593,629.6485,194.5923,2.5262,10.1064,16.1729,12226.9675,10.2938,0.4744,0.332,0.3725,0.1186,0.7755,4.6811,4.7037,90.7005
SYN1273,high,86.5833,622.1214,0.0,11.1262,10.1811,4.341,18257.0234,4.5286,0.3332,0.7491,0.0935,0.0682,0.5638,0.7236,6.5414,104.8057
SYN1274,high,92.5423,660.3836,195.9472,3.4018,12.3587,0.8549,9794.6289,1.1074,2.0801,0.611,0.2308,0.0327,0.5963,4.4375,8.3412,88.0209
SYN1275,high,89.8712,395.3126,213.2727,7.6285,6.3266,8.6335,8532.4749,0.0,1.2005,0.9358,0.2057,0.1039,1.1437,3.6245,9.3875,65.9672
SYN1276,high,67.1563,688.0913,97.9528,1.6016,10.4015,3.9341,17819.8771,2.5515,0.0,0.2711,0.2744,0.0013,1.031,8.1091,1.6558,113.9391
SYN1277,high,85.7991,590.0315,61.4452,5.6695,11.2075,13.0814,1505.9784,1.7159,0.1217,0.5765,0.2481,0.1178,1.0133,7.5203,4.9098,58.079
SYN1278,high,94.3027,543.5202,77.4307,1.0006,2.794,12.9723,26508.7746,9.5481,1.8431,1.0293,0.2557,0.0701,1.1404,7.449,7.1863,114.3678
SYN1279,high,93.4311,762.4397,273.5988,6.6327,12.3832,12.0844,13310.6421,6.2697,0.0,0.4456,0.4305,0.1067,0.61,4.3223,7.5495,81.3115
SYN1280,high,98.419,352.8574,240.4917,5.004,10.5817,3.2546,12285.3421,2.6241,1.8567,0.7629,0.2101,0.1121,0.3027,3.8982,0.0,84.7245
SYN1281,high,93.4625,570.8598,152.8746,6.1382,11.7619,10.5937,22262.1054,3.7914,0.0,0.9369,0.0379,0.0422,0.4974,1.1237,0.59,14.5744
SYN1282,high,91.1109,282.4774,130.9836,8.223,10.9856,21.4504,26441.0254,7.4329,0.0,0.4942,0.2969,0.0535,0.6054,2.7477,7.3762,82.192
SYN1283,high,80.2187,339.7307,187.3346,4.0899,8.1245,13.5975,8678.4502,9.8356,0.0,0.5788,0.3418,0.1278,0.8734,5.5025,2.4861,95.9861
SYN1284,high,90.2432,664.6568,239.8259,2.1015,8.6824,7.1972,8955.189,5.0805,0.4624,0.8285,0.3069,0.0877,1.0851,5.2317,5.0757,118.7613
SYN1285,high,83.2277,209.5796,286.1694,5.0424,6.6144,7.2049,23471.3542,2.2466,0.2506,1.0782,0.2035,0.0988,0.3649,6.3756,3.7174,99.8364
SYN1286,high,86.5699,652.4806,154.9391,8.5793,13.0861,14.5135,13322.7458,0.7605,0.3864,1.1005,0.2464,0.1233,0.3115,4.6284,2.0619,69.7916
SYN1287,high,88.914,768.2422,152.7232,7.8124,15.5403,16.8702,8262.8673,3.239,0.6548,0.2223,0.3189,0.0963,1.1729,3.1674,11.1651,84.7623
SYN1288,high,91.1744,411.8771,261.6822,0.0,8.9336,8.3651,13370.9089,9.1787,0.1127,0.5154,0.3288,0.0092,1.2432,8.3258,3.9505,71.9552
SYN1289,high,62.3414,361.3529,200.9106,7.5133,6.2831,0.0,21185.7855,0.339,0.0,0.9775,0.2333,0.0607,1.0781,7.2882,7.7013,15.9272
SYN1290,high,102.2394,472.3989,40.6629,4.3119,8.0055,12.7597,17364.511,5.8702,1.7034,0.7283,0.2907,0.1456,1.307,5.912,12.4652,21.2543
SYN1291,high,71.9493,376.3105,227.4734,4.5268,6.4333,18.9921,10150.6413,4.1067,1.6523,0.493,0.352,0.0579,0.7424,8.4459,4.8671,50.2048
SYN1292,high,77.3995,535.2897,151.4959,3.2707,14.8841,4.803,8703.4714,5.9961,0.2039,0.4679,0.427,0.0515,1.1401,6.0783,10.4233,100.1503
SYN1293,high,89.6238,436.397,210.8126,8.8177,9.5053,6.1852,9057.072,0.0,1.6663,0.5938,0.3092,0.0997,0.1782,6.8539,8.1076,63.3195
SYN1294,high,85.8944,610.3567,202.7709,6.0709,9.3251,8.7726,36106.9759,7.5528,1.7228,0.6717,0.5029,0.0706,1.1887,6.8658,5.845,48.7077
SYN1295,high,92.6627,372.5353,297.4136,5.058,4.2441,8.7007,8631.0313,5.4202,1.2909,0.814,0.3234,0.0779,1.4036,3.7572,0.0,77.371
SYN1296,high,82.9498,571.25,298.3471,4.1447,9.5546,2.4832,10053.9123,4.2934,2.1039,0.7075,0.1425,0.1181,0.5046,5.5566,7.9832,70.0567
SYN1297,high,82.9779,638.8188,68.4001,7.0065,11.6878,11.3052,9044.5718,4.7486,0.0,0.6105,0.2505,0.1018,0.782,0.0,11.1238,46.7102
SYN1298,high,77.172,652.1786,168.0614,8.6074,4.6189,0.0,19232.6709,4.8747,0.0,0.8753,0.322,0.051,1.4147,5.9368,6.0775,0.0
SYN1299,high,90.9134,392.0268,160.8287,5.7928,8.3995,1.416,20889.4783,0.0,0.0,0.6328,0.415,0.064,2.2776,0.0,5.319,60.7038
